id	system	user	answer
0001ab79-88a4-415a-ab07-0988d41bb774	你是一个推荐系统，根据用户的历史行为，预测用户在电商场景的下一步行为。我会给你一串连续行为的语义编码，按照用户点击的时间顺序排列，每个行为用三个词表示。	当前用户的历史行为如下：C1989C14585C22548C6175C12563C20444C576C10598C19311C3739C15392C24382C2208C10630C18021C5595C12940C17541C1977C14454C21094C2495C13491C23933C2488C11139C16570C6714C10159C18393C939C15730C17045C2488C11004C16585C3637C9962C19250C3637C10344C17361C3433C15423C22408C3621C14719C22506C663C15550C21359C3020C9557C22207C2563C13850C22597C1237C8795C17562C1389C11143C18996C1977C14754C22203C1808C13699C16496C1237C8642C23500C5285C9230C20987C5613C9420C24251C1001C9345C20870C704C13291C22067C5455C12878C23342C889C9116C17832C889C15253C20693C5455C11595C17549C568C8899C21089C1237C9116C18011C1389C11143C22008C3739C15392C24382C3050C13883C17495C889C9023C24417C5878C14225C19999C4655C13236C19958C5803C13295C16796C5683C12610C20445C3025C8360C21883C5878C13295C23714C2563C8689C18093C2563C8689C18914C2563C8689C22506C6569C14824C17410C5558C15960C22259C4910C13442C24263C1643C8373C23213C4910C10602C19430C4910C8430C19608C2C15328C21043C786C16235C20572C2C11160C21166C2C13054C21253C7371C13327C22725C2132C13217C24144C3771C15245C22109C3914C10502C23681C1790C12360C21114C7732C14640C21248C7504C14266C21572C6722C9687C19380C224C9139C22660C224C9139C20009C224C13569C20451C224C10933C19669C224C8576C21558C7093C16085C17564C224C10025C21643C1790C12000C21977C224C14061C22408C2852C11466C18779C7093C11544C18529C7093C14807C23483C4282C8436C24270C2111C10032C18059C504C10567C22505C4757C14713C22725C3878C13697C17576C4694C9406C21865C4757C9406C23821C1808C12255C22869C4803C13883C23351C1977C12846C24573C6841C16015C21100C1442C9721C17815C6841C12298C16697C1442C8430C21720C4910C11028C21952C1389C11054C20188C568C11614C18258C1442C15594C24573C2563C8971C21292C780C10528C22527C1442C14971C18235C7371C15370C19645，请预测用户在电商推荐场景后续行为的语义编码	C1442C14117C19114
0001d435-e6fc-4d01-8832-e7f670a514bd	你是一个推荐系统，根据用户的历史行为，预测用户在电商场景的下一步行为。我会给你一串连续行为的语义编码，按照用户点击的时间顺序排列，每个行为用三个词表示。	当前用户的历史行为如下：C1579C15680C22319C1579C14722C19780C1579C12536C21898C5151C11417C18317C5151C14065C22355C1579C11648C17676C6220C15404C17657C6220C16027C24482C7390C11764C19330C7390C9874C18983C7761C11194C17679C4244C14141C19384C6220C9794C19332C7530C9653C21799C7095C11222C24504C6220C16253C21484C2600C8923C23094C2304C8531C19964C7711C9102C17303C4784C8758C20366C8171C9670C22875C5363C16380C18598C979C9092C24129C1692C12676C17274C5022C12260C23081C7266C10263C16720C1534C11685C19726C2188C14986C21838C5363C15949C23789C7834C10352C18221C5363C14903C23177C5363C16107C21585C670C10645C18292C8089C14783C20005C7856C8689C18641C817C10224C19522C665C16119C19526C665C8475C21571C5677C11927C21302C665C8340C24067C665C10699C22380C665C9331C19492C665C9331C20960C665C10102C19146C665C14461C19655C8171C14543C23856C7856C12008C21354C8100C15462C22548C1946C10021C21893C5818C8492C21187C4503C8912C17022C4503C16162C18133C7175C12249C17427C5818C8492C23171C4503C8912C22905C4503C9649C23977C4503C13162C19435C5638C9994C16773C4503C8421C22775C4503C16102C20946C4503C13222C23657C4503C15032C23255C4503C15625C17491C4503C8230C20500C4503C8912C23037C4503C10747C18663C4503C13222C18061C4503C8912C21368C4503C8230C22121C4503C10388C17001C2919C13082C20927C5818C16228C19452C4503C13939C22886C2919C14841C22263C2919C10851C18825C2919C12434C21689C7175C9082C22251C2919C16346C23808C5638C9164C21528C5638C12705C17825C5638C14873C16631C2919C14582C21371C2919C16336C16417C5638C14685C19675C5638C11308C20395C2919C11894C18944C5638C13878C20379C7903C9693C16385C7903C14843C20807C7903C14821C22368C158C16121C17398C7903C9417C22488C7903C13285C22709C6841C13021C16901C7903C15029C21527C7903C14843C24238C4503C16102C24545C2919C14342C23286C568C10958C22418，请预测用户在电商推荐场景后续行为的语义编码	C1534C12340C23145
0002e10c-af28-48ca-ab42-bff2bca23277	你是一个推荐系统，根据用户的历史行为，预测用户在电商场景的下一步行为。我会给你一串连续行为的语义编码，按照用户点击的时间顺序排列，每个行为用三个词表示。	当前用户的历史行为如下：C3628C10406C20422C4883C10519C19849C2461C16317C21956C5465C8277C24420C462C14712C23508C94C15540C23519C1936C9177C20930C3743C15220C21048C2707C13124C16715C2707C9594C16623C6635C14436C19185C2707C13124C18076C321C10764C17459C1798C9371C24465C5653C8883C23126C4655C14095C20812C6329C11588C18774C6437C9294C23489C7614C14633C16626C6437C9496C23761C5825C8622C16446C6437C9294C19578C6437C9496C19998C6437C9294C16609C6437C10687C24243C6437C13058C16662C6437C13058C17974C6437C9926C20605C870C16052C23490C6047C10867C22994C3423C8738C22724C6875C12169C20401C7121C12406C19312C7666C10840C22793C548C15865C22011C8020C12799C17297C1262C11211C16540C8020C10506C19711C1262C14609C20306C3152C13854C17193C1262C8434C16459C3152C13854C24101C4438C12551C22816C1756C12878C19433C1756C14891C22291C2707C13436C19793C7666C10519C21513C3292C15567C19545C1262C15997C22723C3743C15881C23262C5686C8954C22081C2236C11962C21899C1389C12753C19808C1389C13003C21764C1756C9653C22642C2640C9561C20269C613C15392C16745C2912C11384C19973C2969C10199C18098C1606C15574C17389C8084C11093C21181C1389C13085C22510C487C12341C17212C1000C10076C20701C1262C13745C17474C1262C11486C22251C8020C13599C19443C3743C10220C21161C2190C12262C21324，请预测用户在电商推荐场景后续行为的语义编码	C6841C11109C21534
0003ade7-c464-4422-bf3e-e1c22b2fd2ee	你是一个推荐系统，根据用户的历史行为，预测用户在电商场景的下一步行为。我会给你一串连续行为的语义编码，按照用户点击的时间顺序排列，每个行为用三个词表示。	当前用户的历史行为如下：C349C12915C19920C349C15083C18297C5994C9670C17971C349C14206C21405C1932C10837C24135C1932C12537C17027C6395C8991C18011C2394C15647C23177C8032C12202C17295C4549C16303C21008C6782C9864C22260，请预测用户在电商推荐场景后续行为的语义编码	C1932C12582C20078
00042267-0a1b-4f25-b7bf-240ee12ae127	你是一个推荐系统，根据用户的历史行为，预测用户在电商场景的下一步行为。我会给你一串连续行为的语义编码，按照用户点击的时间顺序排列，每个行为用三个词表示。	当前用户的历史行为如下：C3368C12454C20058C3368C12589C19974C1221C11490C24463C1221C15790C20428C1221C8888C20653C1221C12293C18847C3368C9058C20856C1221C12293C18484C1221C9869C22287C3368C8849C22864C1221C16189C19405C1798C16003C22326C1221C9980C18961C3368C14664C24131C1221C11490C20353C7780C11860C20082C826C11550C18276C3368C10529C24314C826C14723C23553C161C15192C23129C7109C15013C20383C1221C9980C22423C7022C16280C17650C3666C8767C18771C3054C12668C16610C7109C8279C19731C1482C8460C19519C1221C9261C16990C1221C12535C23170C2713C13212C24159C4546C15039C23355C1221C8543C23604C3759C13100C17790C202C11360C20588C3002C13645C18311C6786C15234C24478C2852C13031C17295C7366C9216C18877C7366C15877C20959C826C11558C18241C987C9613C22124C2370C14383C21409C8149C10910C16813C2383C14521C19474C7765C14084C21497C4168C15514C17808C571C14860C16543C571C14860C16543C502C11711C21043C115C8956C23246C5210C16214C18277C3368C15963C19997C3368C9896C18110C3885C14249C20859C6396C10159C19469C3885C8379C24126C1112C11789C17171C1112C14654C18315C6396C8440C22304C4568C14893C19414，请预测用户在电商推荐场景后续行为的语义编码	C5310C12328C22565
000a8f32-077c-491c-9fb3-5b7387e3635a	你是一个推荐系统，根据用户的历史行为，预测用户在电商场景的下一步行为。我会给你一串连续行为的语义编码，按照用户点击的时间顺序排列，每个行为用三个词表示。	当前用户的历史行为如下：C6804C16106C18328C4389C10878C19021C3727C12270C17396C4389C14916C23521C4389C13117C19504C6804C14920C18768C1056C9082C19948C3659C15239C23133C6786C8404C17759C6786C16217C18671C4484C14967C16610C6762C10317C21603C1914C14215C19346C7701C9275C19223C4492C10661C22175C2071C16079C21890C4389C13117C21945C7950C14588C22346C5226C11715C21801C4389C15565C22789C7965C9084C18086C2071C10296C21985C2763C9593C22743C7975C9719C22917C7728C13978C22462C4658C12324C24381C2763C10062C21005C1418C11903C20339C2255C8536C21473C4797C14019C22111C5545C9181C21005C4971C10114C18668C815C10984C17636C4177C12190C23274C5280C10502C23926C7104C11129C21724C7419C15754C17976C12C11294C18585C2651C9224C20090C4474C9091C17891C5777C14097C21200C6940C12824C20218C4105C15028C23466C7333C9567C23662C7975C16020C21809C3450C13156C24184C3998C10923C17566C3920C15485C17909C3920C13031C23037C3920C11655C21432C5562C16283C17858C1427C10284C18529C2947C8454C17171C7250C9172C21613C7448C12314C19417C7608C9051C21052C6584C13367C21200C6836C15769C21253C6524C9600C19482C3379C14895C20032C1562C12464C20049C1562C9770C22189C7250C9172C21607C2886C8596C17311C5202C13305C19864C1990C11617C24123C7269C15121C17098C3884C9917C18157C4556C11306C18768C4767C16326C19780C7304C15036C22500C3920C14774C19474C3920C12953C23663，请预测用户在电商推荐场景后续行为的语义编码	C7677C14544C21094
000bf388-2ac9-42e0-8ad2-4a944c34567a	你是一个推荐系统，根据用户的历史行为，预测用户在电商场景的下一步行为。我会给你一串连续行为的语义编码，按照用户点击的时间顺序排列，每个行为用三个词表示。	当前用户的历史行为如下：C5052C10913C24433C3112C15659C22949C3978C15955C21578C5501C10159C22355C5501C13334C18885C3429C9201C17271C3429C12663C18948C4278C9081C19770C4278C9081C16425C6365C16224C19308C4406C13838C17634C6917C14397C24123C4400C13959C18534C4400C9266C20249C4400C9081C18144C4400C9081C16888C4406C10224C23539C4278C9269C18006C4400C9081C21642C4406C9081C23183C6365C13852C24386C4400C9081C18548C6365C8310C22461C4400C14532C22606C6365C8821C19800C4273C9863C17275C5501C14159C21446C3978C13217C18947C5501C15727C23761C3328C14112C19063C945C8833C22976C3328C12439C18231C3328C8832C17851C3328C10393C22503C3328C10633C21598C3328C8378C19501C3328C10697C23632C549C13603C23814C3486C14132C21509C4273C8768C21320C5501C12992C19001C5501C9077C18603C7373C14844C18504C4273C8643C21580C5501C10397C18628C5501C15680C20889C4362C9300C19785C4273C12379C18442C7879C13045C17347C3345C15807C16620C5501C9518C18616C6328C9238C23882C514C15748C20172C4157C10064C19760C162C13120C23081C162C8802C21166C939C16212C23031C7744C9795C22812C7744C14823C24534C4640C11111C19461C6328C14688C22894C6328C13250C21356C4196C9987C20918C6328C12025C20850C7561C11388C17569C6328C12967C16946C6328C8313C24213C6024C8915C16509C2112C8623C21871C3051C11241C22663C4101C16083C19079C2403C13563C20408C879C14542C23311C5955C9173C21380C3486C13793C22604C3610C14428C17521C2624C13793C19663C4383C13329C23768C4554C10139C19119C879C8757C17105C2822C14542C21783C951C11020C20567C7141C13387C18230C4273C9346C18431C7178C14584C17931C3328C12357C19585C3232C16209C19938C7141C8450C23153C4313C11904C16526C7141C14220C23676C3943C9072C18898C7141C9401C16492C7141C9401C23351C7141C9401C17774C7141C12432C22997C6782C8199C23845C7141C10597C18213C4838C11757C18393C4838C15823C20898，请预测用户在电商推荐场景后续行为的语义编码	C7663C9363C22219
000cedce-5ccc-421d-9ccd-1fb8eaa0e856	你是一个推荐系统，根据用户的历史行为，预测用户在电商场景的下一步行为。我会给你一串连续行为的语义编码，按照用户点击的时间顺序排列，每个行为用三个词表示。	当前用户的历史行为如下：C6233C14533C18068C11C9230C21008C6784C12017C23848C5857C12013C20543C6011C9212C21226C6011C10552C19787C6011C9212C20225C6011C10259C18914C6011C14860C18825C3518C11868C24256C6011C10552C19862C1659C16279C17839C1762C13738C17437C3806C10685C17483C6422C9450C19545C6422C10847C18042C670C13292C21355C5122C11711C19553C5122C14289C19965C6422C12276C20553C1648C9672C17206C5878C15293C18414C5122C14578C18301C5558C9914C17908C7526C9977C19189C7158C16306C18649C1049C14765C18754C2573C10501C17487C4419C16081C17166C2233C12751C16873C2789C14839C16484C3257C9609C19336C3257C14261C16417C3257C13320C16462C1424C14688C17039C1424C11212C19533C3257C14383C19600C1389C8603C20678C3257C8274C17417C4200C15516C16605C2573C15456C19817C2606C10722C19732C7864C13422C18350C1424C12077C21997C5634C13583C20865C1424C14838C17513C1424C10397C19423C1424C9431C18224C1424C9431C23465C3257C14131C19334C1424C12077C20999C2789C14839C21973C1207C8557C22730C1207C12088C18141C3257C11984C18794C3747C13793C17713C1762C13093C20639C7520C14744C17417C6422C14814C21567C11C11900C20374C2552C16081C18285C5122C11711C22994C5878C13871C23743C3257C11847C22495C5878C8785C20602C5878C13889C21668C6144C13798C19377C6144C11450C18927C1989C12479C22692C1989C10534C17716C250C14457C22465C1762C11877C18556C3747C11471C16717C3257C10859C21276C6767C12817C16712C701C13853C18439C3747C16097C23121C3747C13234C18057C1289C10495C16973C1796C11915C23251C5878C10084C18717C5878C13063C18235C6841C11700C21685C5404C11491C19960C3749C9197C23408C1382C10711C19559C7864C14939C20344C1808C15501C17606C11C11195C19407C135C12217C22361C2692C9209C21595C1989C11264C22714C1989C13921C24327C4900C12677C21598C4863C9205C17019C1641C11832C16539C5878C14565C18375C1424C16164C20691C7864C9064C22512C5352C8741C17094，请预测用户在电商推荐场景后续行为的语义编码	C1641C11014C21164
000f202b-bd9d-430a-ad4b-26d9c9528363	你是一个推荐系统，根据用户的历史行为，预测用户在电商场景的下一步行为。我会给你一串连续行为的语义编码，按照用户点击的时间顺序排列，每个行为用三个词表示。	当前用户的历史行为如下：C3975C8954C18246C5006C15317C16881C5267C16317C20107C6715C13864C22601C5006C10959C20759C4310C9620C16732C4310C11688C23227C5924C14147C19743C4310C11688C17584C5267C15370C19321C2818C9178C20218C1101C12304C20189C860C12850C19113C2324C13717C18146C495C13717C18056C495C13717C17180C1461C13383C19718C4122C15860C17187C4310C11494C22727C4270C10829C24548C5546C11404C24148C6501C15757C23734C1389C15433C23978C6422C13578C20771C1389C12756C23336C5958C14584C21425C6841C10011C18581C6841C10966C17827C1389C15433C18894C6841C8474C19533C6841C12856C18404C6841C13578C23033C4549C15604C17439C6841C10342C16426C6841C16367C18420C6841C8424C16399C1268C14581C20494C6072C16216C18066C6841C13578C19079C6841C9847C19533C6841C11535C23511C6087C11586C20288C6347C15787C23328C4885C15587C19551C1473C8683C24077C7680C12539C22065C3548C12528C16938C7680C13029C16736C6347C14967C17525C4987C8813C22659C4987C13628C17105C6347C14743C17816C4885C8549C22723C4885C14265C20061C3548C15437C16906C4885C11033C18532C7961C14743C17447C4885C8549C22567C5818C10865C23454C6841C13578C24447C7961C15136C17145C2707C14494C23576C1389C14992C18643C2707C15378C17811C7175C11916C18240C616C9152C19933C7176C13324C21944C7175C15020C20946C6841C11651C23106C7176C13040C16677C7176C8887C22029C4635C8962C17463C1659C14824C18186C6347C14743C22664C4987C8813C17115C1659C16352C18503C7497C12305C18000C2749C15136C22219C393C14281C17222C7497C16120C21370C7445C10003C22317C1992C15343C16960C1992C14958C19260C158C12113C16483C8076C15900C17506C1946C14002C20731C5685C8732C22328C5526C16298C17978C5685C14250C23961C2955C16162C19993C5685C10911C21146C6088C14743C20849C2707C13598C18656C5730C10805C18285C158C13025C23356C6422C10444C20060C3775C9951C20862C2483C12390C19429C2483C8667C20561C6328C16046C17753，请预测用户在电商推荐场景后续行为的语义编码	C1848C13193C19870
00107fe4-c283-4876-a8ea-7ae77746ae9e	你是一个推荐系统，根据用户的历史行为，预测用户在电商场景的下一步行为。我会给你一串连续行为的语义编码，按照用户点击的时间顺序排列，每个行为用三个词表示。	当前用户的历史行为如下：C6517C16179C20054C525C8659C16934C1065C8554C17674C6766C12062C19865C1649C10085C16906C1901C8285C18434C6047C11440C24265C4365C9517C23656C620C13795C22505C2254C13061C16908C5282C9257C22273C2780C8761C22324C4113C8668C22013C6680C16035C21896C4033C10250C22494C620C10882C24023C5937C15184C21860C5937C10768C19833C1267C9634C21364C1903C11212C22332C5937C16071C18440C5638C11628C21140C232C12394C20731C7802C15792C19857C3171C13693C23507C3171C11984C19320C6271C11805C23593C1907C10439C18053C5379C11931C21443C6271C9069C16601C6271C9432C24068C6271C14992C21402C1641C12383C22301C4538C14023C24423C6779C14267C17950C1832C11535C16557C6779C13906C23326C4069C15559C20050C2178C9670C16939C1186C9008C20196C4313C14733C18745C7316C14474C23775C2242C15543C20661C8084C9794C23637C620C16103C21520C3931C8423C18022C6818C12423C22749C3686C12022C19668C7698C15813C18483C7643C10587C17032C4041C11998C22401C6346C15394C17109C1109C8293C22429C3602C8751C16764C3602C8751C21945C5502C15974C24507C3602C8751C24227C3602C8751C24530C3602C8751C23281C3602C8751C24056C3602C8751C23635C3602C8751C23855C3602C8751C23679C3602C8751C22739C3602C8751C22607C3602C8590C16408C3602C8751C23811C3602C8751C17045C3602C8751C22468C6346C14229C21735C3538C15394C24412C2183C15662C23509C1335C15130C22539C7642C12504C18873C6346C13270C17300C6346C13270C16588C5689C12826C17827C2242C16346C21915C617C10791C22758C1901C8328C22071C1790C9460C17479C6607C11934C18695C1649C13480C16996C3686C11104C21806C3072C16065C18433C1065C11370C19517C3217C12588C16563C3926C15090C20749C6672C12616C18535C6507C13662C21905C7427C10939C22594C3926C16012C17532C2959C16145C17241C5835C9113C24247C4113C9994C21547C3602C8751C17553C7862C11324C23214C6365C10813C17277，请预测用户在电商推荐场景后续行为的语义编码	C1217C15985C22149